RMSE_RF,MAE_RF,R2_Score_RF,RMSE_RL,MAE_RL,R2_Score_RL
75.70253503871328,49.43172811447812,0.8263736496256173,136.8646663099617,102.04868743426184,0.4324848280152091
