RMSE,MAE,R2_Score
75.70253503871328,49.43172811447812,0.8263736496256173
