RMSE,MAE,R2_Score
136.86466630996173,102.04868743426184,0.43248482801520916
